<?xml version="1.0" encoding="UTF-8" ?>
<!DOCTYPE log4j:configuration SYSTEM "log4j.dtd">
<log4j:configuration xmlns:log4j="http://jakarta.apache.org/log4j/">
	<appender name="Syslog" class="org.apache.log4j.net.SyslogAppender">
		<param name="SyslogHost" value="127.0.0.1" />
		<param name="Facility" value="LOCAL1" />
		<param name="FacilityPrinting" value="true" />
		<layout class="org.apache.log4j.PatternLayout">
			<param name="ConversionPattern" value="%F [%t] %-5p (%C{5}:%-3L) %X{administratieveHandeling} %X{abonnement} %X{afnemer} %m%n" />
		</layout>
	</appender>
	<appender name="FA" class="org.apache.log4j.FileAppender">
       		 <param name="File" value="logs/brp_custom.log"/>
	         <param name="Threshold" value="DEBUG"/>
 	         <layout class="org.apache.log4j.PatternLayout">
           		 <param name="ConversionPattern" value="%d{yyyy-MM-dd HH:mm:ss} [%p] %c{1}  %m%n" />
	         </layout>
        </appender>	
	<logger name="nl.bzk.brp">
		<level value="info" />
	</logger>
	<logger name="nl.moderniseringgba.brp">
		<level value="info" />
	</logger>
	<logger name="org.apache.activemq">
		<level value="info" />
	</logger>
	<logger name="org.apache.camel">
		<level value="info" />
	</logger>
	<logger name="org.springframework.jms">
		<level value="info" />
	</logger>
	<logger name="org.hibernate">
		<level value="warn" />
	</logger>
	<logger name="org.hibernate.SQL">
		<level value="warn" />
	</logger>
	<logger name="org.apache.activemq.store.jdbc">
		<level value="error" />
	</logger>

	<root>
		<priority value="warn" />
		<appender-ref ref="Syslog" />
		<appender-ref ref="FA" />
	</root>
</log4j:configuration>


