<!--
  ~ Copyright 2009 Red Hat, Inc.
  ~  Red Hat licenses this file to you under the Apache License, version
  ~  2.0 (the "License"); you may not use this file except in compliance
  ~  with the License.  You may obtain a copy of the License at
  ~     http://www.apache.org/licenses/LICENSE-2.0
  ~  Unless required by applicable law or agreed to in writing, software
  ~  distributed under the License is distributed on an "AS IS" BASIS,
  ~  WITHOUT WARRANTIES OR CONDITIONS OF ANY KIND, either express or
  ~  implied.  See the License for the specific language governing
  ~  permissions and limitations under the License.
  -->

<connection-factories>
   <!--
    JMS Stuff
   -->

   <mbean code="org.jboss.jms.jndi.JMSProviderLoader" name="hornetq:service=JMSProviderLoader,name=JMSProvider">
      <attribute name="ProviderName">DefaultJMSProvider</attribute>
      <attribute name="ProviderAdapterClass">org.jboss.jms.jndi.JNDIProviderAdapter</attribute>
      <attribute name="FactoryRef">java:/XAConnectionFactory</attribute>
      <attribute name="QueueFactoryRef">java:/XAConnectionFactory</attribute>
      <attribute name="TopicFactoryRef">java:/XAConnectionFactory</attribute>
   </mbean>
   <!--
    JMS XA Resource adapter, use this to get transacted JMS in beans
   -->
   <tx-connection-factory>
      <jndi-name>JmsXA</jndi-name>
      <xa-transaction/>
      <rar-name>jms-ra.rar</rar-name>
      <connection-definition>org.hornetq.ra.HornetQRAConnectionFactory</connection-definition>
      <config-property name="SessionDefaultType" type="java.lang.String">javax.jms.Topic</config-property>
      <config-property name="JmsProviderAdapterJNDI" type="java.lang.String">java:/DefaultJMSProvider</config-property>
      <max-pool-size>20</max-pool-size>
      <security-domain-and-application>JmsXARealm</security-domain-and-application>
   </tx-connection-factory>
</connection-factories>
