<?xml version="1.0" encoding="UTF-8"?>
<!DOCTYPE beans PUBLIC "-//SPRING//DTD BEAN//EN"
                       "http://www.springframework.org/dtd/spring-beans.dtd">
<beans>
 <!-- The ConfigurationBeanPostProcessor will merge all SystemProperties instances into one encompassing instance. -->
 <bean class="nl.gba.gbav.impl.util.configuration.ConfigurationBeanPostProcessor" id="configurationBeanPostProcessor"/>
 
 <bean class="nl.ictu.spg.common.util.SystemProperties" id="SystemProperties">
  <property name="properties">
   <props>
    <prop key="boolean">true</prop>
   </props>
  </property>
 </bean>
  <bean class="nl.gba.gbav.impl.lo3.PLDataBuilderImpl" id="PLDataBuilder"/>
 <bean class="nl.gba.gbav.impl.lo3.bas.BerichtFactoryImpl" id="LO3BerichtFactory"/>
 <bean class="nl.ictu.spg.domain.lo3.gbanetwork.LO3BerichtMetaUtilImpl" id="lo3BerichtMetaUtil"/>
 <bean class="nl.gba.gbav.impl.util.UtilsImpl" id="gbavUtils"/>
 <bean class="nl.gba.gbav.test.svp.BerichtRegistrator" id="berichtRegistrator"
    init-method="init">
  <property name="lo3BerichtRegistry" ref="lo3BerichtMetaUtil"/>
 </bean>
  <bean id="vulberichtService" class="nl.ictu.spg.service.lo3.gbanetwork.vulbericht.VulBerichtServiceImpl"
   init-method="init">
  <property name="lo3BerichtRegistry" ref="lo3BerichtMetaUtil"/>
 </bean>
 </beans>
